City_ID,City,Lat,Lng,Max Temp,Humidity,Cloudiness,Wind Speed,Country,Current Description
0,Marsh Harbour,26.5412,-77.0636,83.66,71,67,14.63,BS,broken clouds
1,Tasiilaq,65.6145,-37.6368,48.36,58,20,4.41,GL,few clouds
2,Rocha,-34.4833,-54.3333,47.86,86,33,2.08,UY,scattered clouds
3,Touros,-5.1989,-35.4608,74.79,90,100,10.07,BR,overcast clouds
4,Cape Town,-33.9258,18.4232,48.9,92,37,3.44,ZA,fog
5,Saint Anthony,45.0205,-93.218,89.76,44,20,12.66,US,few clouds
6,Abu Kamal,34.4506,40.9171,92.57,13,3,1.74,SY,clear sky
7,Ayagoz,47.9714,80.4392,62.47,40,26,7.18,KZ,scattered clouds
8,Urucui,-7.2294,-44.5561,81.05,47,33,2.68,BR,scattered clouds
9,Bathsheba,13.2167,-59.5167,83.05,91,40,19.57,BB,scattered clouds
10,Moose Factory,51.2585,-80.6094,61.39,82,100,6.53,CA,light rain
11,Yurgamysh,55.3714,64.4656,64.13,79,88,6.17,RU,overcast clouds
12,Hella,67.2,14.4333,60.89,78,1,5.75,NO,clear sky
13,Busselton,-33.65,115.3333,54.72,71,99,9.98,AU,overcast clouds
14,Tessalit,20.1986,1.0114,87.22,37,62,8.84,ML,light rain
15,Angoche,-16.2325,39.9086,71.83,78,46,5.55,MZ,scattered clouds
16,Ribeira Grande,38.5167,-28.7,74.59,67,15,2.66,PT,few clouds
17,Mahebourg,-20.4081,57.7,70.25,73,40,16.11,MU,scattered clouds
18,Grand Baie,-20.0182,57.5802,70.45,61,42,11.01,MU,scattered clouds
19,Saint-Pierre,-21.3393,55.4781,71.19,75,20,4.61,RE,few clouds
20,Marsa Matruh,31.3525,27.2453,78.01,78,0,11.32,EG,clear sky
21,Kruisfontein,-34.0033,24.7314,49.77,76,3,12.97,ZA,clear sky
22,Port Hawkesbury,45.6169,-61.3485,68.59,95,100,5.75,CA,overcast clouds
23,Saint George,37.1041,-113.5841,96.44,33,0,5.99,US,clear sky
24,Zruc Nad Sazavou,49.7401,15.1061,62.31,94,81,8.66,CZ,broken clouds
25,Ushuaia,-54.8,-68.3,42.46,65,40,18.41,AR,scattered clouds
26,Arraial Do Cabo,-22.9661,-42.0278,68.29,65,32,16.75,BR,scattered clouds
27,Chililabombwe,-12.3648,27.8229,58.96,44,1,2.19,ZM,clear sky
28,Shadrinsk,56.0852,63.6335,64.2,81,99,7.96,RU,light rain
29,Grand Gaube,-20.0064,57.6608,70.38,61,41,11.01,MU,scattered clouds
30,Punta Arenas,-53.15,-70.9167,41.11,75,40,5.75,CL,scattered clouds
31,Codrington,-38.2667,141.9667,52.41,54,100,20.74,AU,overcast clouds
32,Upernavik,72.7868,-56.1549,44.74,83,100,5.75,GL,overcast clouds
33,Pimentel,-6.8367,-79.9342,64.69,72,40,19.57,PE,scattered clouds
34,Arzgir,45.3728,44.2206,80.46,40,7,5.1,RU,clear sky
35,Inirida,3.8653,-67.9239,77.54,94,61,1.1,CO,broken clouds
36,Veraval,20.9,70.3667,80.58,81,49,9.44,IN,scattered clouds
37,Sao Felix Do Xingu,-6.6447,-51.995,82.53,41,34,2.17,BR,scattered clouds
38,Eqbaliyeh,35.3022,51.5358,87.62,35,18,7.29,IR,few clouds
39,Canico,32.6333,-16.85,73.71,82,40,21.85,PT,scattered clouds
40,Beyneu,45.3167,55.2,81.77,49,31,3.31,KZ,scattered clouds
41,Souillac,-20.5167,57.5167,68.38,73,40,16.11,MU,scattered clouds
42,Hazro,33.9091,72.4921,81.27,79,100,7.78,PK,overcast clouds
43,Saint-Philippe,-21.3585,55.7679,71.11,82,57,14.85,RE,light rain
44,Noyabrsk,63.1994,75.4507,56.39,66,100,16.08,RU,overcast clouds
45,Dingle,10.9995,122.6711,76.21,89,100,4.65,PH,overcast clouds
46,Mehamn,71.0357,27.8492,49.95,93,100,6.91,NO,light intensity drizzle
47,Cidreira,-30.1811,-50.2056,54.55,77,0,5.75,BR,clear sky
48,Ancud,-41.8697,-73.8203,43.23,79,99,2.01,CL,overcast clouds
49,Victoria,22.2855,114.1577,85.32,88,40,1.99,HK,scattered clouds
50,Amapa,1.0,-52.0,73.49,97,77,3.06,BR,heavy intensity rain
51,Letlhakeng,-24.0944,25.0298,60.31,30,72,6.24,BW,broken clouds
52,Bonthe,7.5264,-12.505,75.85,76,79,6.96,SL,broken clouds
53,Port Alfred,-33.5906,26.891,56.71,66,87,15.68,ZA,overcast clouds
54,Scharding,48.4529,13.4372,62.1,88,21,4.34,AT,few clouds
55,Cap Malheureux,-19.9842,57.6142,70.47,61,41,11.01,MU,scattered clouds
56,Libourne,44.9167,-0.25,68.58,82,0,6.87,FR,clear sky
57,Lebu,-37.6167,-73.65,49.32,86,95,8.97,CL,overcast clouds
58,San Luis,-33.295,-66.3356,58.39,29,71,5.97,AR,broken clouds
59,Andra,62.5147,65.8878,60.98,74,100,9.95,RU,overcast clouds
60,Narsaq,60.9167,-46.05,57.42,85,10,7.67,GL,clear sky
61,Caravelas,-17.7125,-39.2481,72.91,90,4,4.52,BR,clear sky
62,Sulechow,52.0836,15.6251,61.68,39,100,4.25,PL,overcast clouds
63,Leh,34.1667,77.5833,62.71,56,42,6.6,IN,scattered clouds
64,Cayenne,4.9333,-52.3333,82.09,1,45,2.3,GF,scattered clouds
65,Casablanca,33.5928,-7.6192,79.02,78,0,5.99,MA,clear sky
66,Dangriga,16.9692,-88.2321,81.57,82,100,10.92,BZ,overcast clouds
67,Culleredo,43.2879,-8.3886,69.62,82,0,7.0,ES,clear sky
68,Bonavista,48.6499,-53.1147,62.67,96,100,12.91,CA,light rain
69,Hermanus,-34.4187,19.2345,47.8,71,81,6.24,ZA,light rain
70,Kemi,65.8596,24.8228,53.37,82,0,6.91,FI,clear sky
71,Karpogory,64.0019,44.4451,58.96,87,99,3.31,RU,overcast clouds
72,Ponta Do Sol,32.6667,-17.1,73.71,82,8,6.89,PT,clear sky
73,West Lorne,42.6001,-81.5998,82.69,52,7,10.11,CA,clear sky
74,Kargasok,59.0556,80.8572,62.35,87,100,7.14,RU,overcast clouds
75,Methoni,36.8197,21.7049,82.22,79,0,11.99,GR,clear sky
76,Hithadhoo,-0.6,73.0833,80.76,76,100,18.39,MV,moderate rain
77,Ipora,-16.4419,-51.1178,73.62,34,0,4.23,BR,clear sky
78,Coquimbo,-29.9533,-71.3436,56.93,76,75,6.91,CL,broken clouds
79,Port-Gentil,-0.7193,8.7815,75.16,83,40,11.5,GA,scattered clouds
80,Nouadhibou,20.931,-17.0347,70.34,90,17,15.03,MR,few clouds
81,Torbay,47.6666,-52.7314,68.29,92,100,11.03,CA,overcast clouds
82,Longyearbyen,78.2186,15.6401,49.84,81,75,10.36,SJ,broken clouds
83,Jamestown,42.097,-79.2353,76.01,51,75,6.91,US,broken clouds
84,Atar,20.5169,-13.0499,87.03,50,99,11.03,MR,moderate rain
85,Montes Altos,-5.8333,-47.0667,83.88,42,80,4.79,BR,broken clouds
86,Bequimao,-2.4489,-44.7825,76.15,84,59,3.22,BR,broken clouds
87,Sao Francisco De Assis,-29.5503,-55.1311,53.85,74,40,3.78,BR,scattered clouds
88,Brigantine,39.4101,-74.3646,90.03,40,0,9.22,US,clear sky
89,Chapais,49.7834,-74.8492,66.15,69,97,8.48,CA,overcast clouds
90,Ugoofaaru,5.6667,73.0,78.58,85,100,19.08,MV,light rain
91,East London,-33.0153,27.9116,58.73,63,100,14.23,ZA,overcast clouds
92,Haverfordwest,51.8017,-4.9691,64.06,96,100,5.99,GB,overcast clouds
93,Dikson,73.5069,80.5464,40.68,93,16,11.79,RU,few clouds
94,Coswig,51.1333,13.5833,62.01,92,0,2.3,DE,clear sky
95,Bilma,18.6853,12.9164,91.71,24,43,9.06,NE,scattered clouds
96,Jadu,31.953,12.0261,77.38,31,0,5.68,LY,clear sky
97,Sokoni,-6.4333,39.55,75.15,83,2,13.24,TZ,clear sky
98,Clyde River,70.4692,-68.5914,39.43,100,100,12.66,CA,light rain
99,Potiskum,11.7091,11.0694,71.76,83,100,7.47,NG,overcast clouds
100,Montepuez,-13.1256,38.9997,63.9,83,17,3.8,MZ,few clouds
101,Santiago Del Estero,-27.7951,-64.2615,69.78,27,5,8.68,AR,clear sky
102,Sao Joao Da Barra,-21.6403,-41.0511,66.96,68,61,9.95,BR,broken clouds
103,Necochea,-38.5473,-58.7368,50.85,74,100,7.87,AR,overcast clouds
104,Awbari,26.5921,12.7805,86.18,16,0,8.23,LY,clear sky
105,Saint-Leu,-21.15,55.2833,70.57,74,43,4.92,RE,scattered clouds
106,Bathurst,-33.4166,149.5806,46.72,84,100,2.06,AU,overcast clouds
107,La Sarre,48.8002,-79.1996,72.27,67,76,5.44,CA,broken clouds
108,Weymouth,42.2209,-70.9398,86.34,42,40,14.97,US,scattered clouds
109,Salym,60.0625,71.4789,59.77,93,14,5.5,RU,few clouds
110,Richards Bay,-28.783,32.0377,61.95,87,64,4.36,ZA,broken clouds
111,Coihaique,-45.5752,-72.0662,38.01,70,0,3.44,CL,clear sky
112,Port Elizabeth,-33.918,25.5701,53.98,74,10,14.99,ZA,clear sky
113,Iralaya,15.0,-83.2333,81.93,78,100,12.01,HN,overcast clouds
114,Ati,13.2154,18.3353,83.19,55,3,5.99,TD,clear sky
115,Tucuma,-0.1833,-50.05,79.23,80,100,7.05,BR,overcast clouds
116,Galle,6.0367,80.217,78.26,87,95,10.27,LK,overcast clouds
117,Chuy,-33.6971,-53.4616,50.25,77,1,3.58,UY,clear sky
118,Bengkulu,-3.8004,102.2655,76.71,86,100,4.47,ID,overcast clouds
119,Muros,42.7762,-9.0603,72.09,65,0,13.31,ES,clear sky
120,Lagos,6.5833,3.75,75.31,83,96,6.82,NG,overcast clouds
121,Torbat-E Jam,35.244,60.6225,76.71,54,1,18.61,IR,clear sky
122,Huarmey,-10.0681,-78.1522,65.61,75,73,9.28,PE,broken clouds
123,Guna,24.65,77.3167,77.41,81,99,10.31,IN,overcast clouds
124,Bredasdorp,-34.5322,20.0403,48.63,86,92,5.82,ZA,overcast clouds
125,Turkistan,43.0,68.0,78.98,33,15,10.47,KZ,few clouds
126,Korhogo,9.45,-5.6333,72.09,91,89,3.27,CI,light rain
127,Portobelo,9.55,-79.65,83.95,86,100,11.77,PA,overcast clouds
128,Repino,60.1722,29.8691,56.79,89,49,3.4,RU,scattered clouds
129,Sompeta,18.9333,84.6,81.95,83,100,7.67,IN,overcast clouds
130,Tyukhtet,56.5389,89.3011,58.95,96,88,4.61,RU,overcast clouds
131,Laje,-10.1833,-40.9667,81.82,39,79,5.5,BR,broken clouds
132,Vestmanna,62.1564,-7.1664,49.12,81,75,8.05,FO,broken clouds
133,Amudat,1.95,34.95,69.31,67,34,1.12,UG,scattered clouds
134,Harwich,51.9419,1.2844,73.0,77,100,1.01,GB,overcast clouds
135,Ciudad Guayana,8.3533,-62.6528,79.27,80,73,6.78,VE,broken clouds
136,Vardo,70.3705,31.1107,49.98,100,100,14.97,NO,overcast clouds
137,Kozhva,65.1073,57.0459,57.67,79,57,4.85,RU,broken clouds
138,Zverinogolovskoye,54.4586,64.8542,59.56,93,10,6.87,RU,light rain
139,Sisimiut,66.9395,-53.6735,48.11,79,100,5.99,GL,overcast clouds
140,Bowmore,34.9421,-79.3031,93.42,77,75,1.99,US,broken clouds
141,Tsumeb,-19.2333,17.7167,63.23,25,3,4.29,NA,clear sky
142,Antalaha,-14.9003,50.2788,66.81,92,50,6.58,MG,light rain
143,Salalah,17.0151,54.0924,77.09,88,75,6.91,OM,broken clouds
144,Qaanaaq,77.484,-69.3632,44.26,68,70,5.01,GL,broken clouds
145,Chake Chake,-5.2459,39.7666,72.9,88,6,8.5,TZ,clear sky
146,Iqaluit,63.7506,-68.5145,40.69,93,100,8.99,CA,overcast clouds
147,Comodoro Rivadavia,-45.8667,-67.5,44.46,49,0,9.22,AR,clear sky
148,Makat,47.6469,53.3463,80.87,33,11,9.42,KZ,few clouds
149,Omboue,-1.5746,9.2618,71.8,87,76,4.79,GA,broken clouds
150,Surt,31.2089,16.5887,80.8,74,0,7.52,LY,clear sky
151,Aguas Formosas,-17.0822,-40.9358,73.54,47,15,6.08,BR,few clouds
152,Kavaratti,10.5669,72.642,80.91,83,93,18.88,IN,overcast clouds
153,Igarka,67.4667,86.5833,44.74,80,0,20.58,RU,clear sky
154,Padang,-0.9492,100.3543,75.92,86,85,3.69,ID,overcast clouds
155,Kirovsk,48.6375,38.6428,66.13,54,94,6.46,UA,overcast clouds
156,Nuuk,64.1835,-51.7216,47.01,81,40,11.5,GL,scattered clouds
157,Gloversville,43.0528,-74.3438,77.11,70,100,9.22,US,overcast clouds
158,Maniitsoq,65.4167,-52.9,44.24,90,99,10.96,GL,overcast clouds
159,Santa Maria,-29.6842,-53.8069,51.87,80,9,3.65,BR,clear sky
160,Alibunar,45.0808,20.9658,68.81,95,92,7.14,RS,overcast clouds
161,Manoel Urbano,-8.8389,-69.2597,84.15,50,7,0.85,BR,clear sky
162,Lagoa,39.05,-27.9833,73.4,66,0,1.63,PT,clear sky
163,Severodvinsk,64.5635,39.8302,59.11,95,42,8.5,RU,scattered clouds
164,Ariquemes,-9.9133,-63.0408,82.78,36,0,0.29,BR,clear sky
165,Hashtgerd,35.9642,50.6858,74.91,48,1,2.33,IR,clear sky
166,Nanortalik,60.1432,-45.2371,44.73,90,49,7.99,GL,scattered clouds
167,Yar-Sale,66.8333,70.8333,46.58,70,4,11.25,RU,clear sky
168,Matanzas,23.0411,-81.5775,81.36,94,75,8.05,CU,broken clouds
169,Margate,51.3813,1.3862,67.87,81,100,3.0,GB,overcast clouds
170,Ilulissat,69.2167,-51.1,48.22,87,75,8.05,GL,broken clouds
171,Sao Filipe,14.8961,-24.4956,77.38,79,92,8.95,CV,overcast clouds
172,Mar Del Plata,-38.0023,-57.5575,53.1,90,0,5.99,AR,clear sky
173,Puerto Baquerizo Moreno,-0.9,-89.6,74.39,73,75,9.22,EC,broken clouds
174,Georgetown,5.4112,100.3354,80.53,90,20,2.3,MY,few clouds
175,Mahibadhoo,3.7833,72.9667,78.67,83,100,20.33,MV,overcast clouds
176,Birjand,32.8663,59.2211,73.26,44,41,10.98,IR,scattered clouds
177,Urucara,-2.5364,-57.76,75.02,95,97,1.72,BR,overcast clouds
178,Kamenka,51.3223,42.7678,69.01,68,100,10.38,RU,overcast clouds
179,Yining,29.0361,114.5636,74.28,93,54,0.81,CN,broken clouds
180,Krasnovishersk,60.4078,57.082,61.27,77,100,1.32,RU,overcast clouds
181,Maarianhamina,60.0973,19.9348,58.86,94,0,2.3,AX,clear sky
182,Halifax,44.6453,-63.5724,72.7,94,90,4.0,CA,overcast clouds
183,Araouane,18.9048,-3.5265,94.73,32,19,7.85,ML,few clouds
184,Lampa,-33.2833,-70.9,59.77,81,75,9.22,CL,broken clouds
185,Isla Mujeres,21.2311,-86.731,78.85,77,99,8.66,MX,overcast clouds
186,Ekibastuz,51.6667,75.3667,64.18,89,90,7.43,KZ,overcast clouds
187,Nouakchott,18.0858,-15.9785,78.73,80,100,13.09,MR,overcast clouds
188,Aracruz,-19.8203,-40.2733,70.81,75,92,8.93,BR,overcast clouds
189,Pembroke,45.8168,-77.1162,75.18,54,75,5.84,CA,broken clouds
190,Chimoio,-19.1164,33.4833,57.06,88,0,1.83,MZ,clear sky
191,Wagar,16.1525,36.2032,88.43,49,100,17.2,SD,overcast clouds
192,Banikoara,11.2985,2.4386,78.57,74,100,4.09,BJ,overcast clouds
193,Mbour,14.422,-16.9638,83.25,75,80,12.21,SN,light rain
194,Cabedelo,-6.9811,-34.8339,74.07,91,100,10.4,BR,light rain
195,Maceio,-9.6658,-35.7353,76.44,94,75,4.61,BR,broken clouds
196,Nokaneng,-19.6667,22.2667,61.12,24,0,6.51,BW,clear sky
197,Nezhinka,51.7676,55.3694,64.56,82,0,7.0,RU,clear sky
198,Mocuba,-16.8392,36.9856,62.13,96,25,1.92,MZ,scattered clouds
199,Somotillo,13.0433,-86.9064,95.14,54,45,8.43,NI,scattered clouds
200,Colares,38.7992,-9.4469,77.32,52,0,9.86,PT,clear sky
201,Eskisehir,39.7767,30.5206,67.87,77,0,6.91,TR,clear sky
202,Aswan,24.0934,32.907,89.82,18,2,10.09,EG,clear sky
203,Saldanha,-33.0117,17.9442,51.87,80,15,9.37,ZA,few clouds
204,Chelno-Vershiny,54.4333,51.1,66.0,64,93,4.0,RU,overcast clouds
205,Diplo,24.4667,69.584,82.02,77,66,17.31,PK,broken clouds
206,Ipameri,-17.7219,-48.1597,71.24,41,14,5.21,BR,few clouds
207,Takoradi,4.8845,-1.7554,74.23,82,66,10.4,GH,broken clouds
208,Wajir,1.7471,40.0573,78.21,55,84,20.51,KE,broken clouds
209,Ponta Delgada,37.7333,-25.6667,72.32,83,20,5.75,PT,few clouds
210,Bubaque,11.2833,-15.8333,79.29,77,91,15.64,GW,overcast clouds
211,Hofn,64.2539,-15.2082,51.15,62,99,6.44,IS,overcast clouds
212,Jacareacanga,-6.2222,-57.7528,85.1,41,89,1.07,BR,overcast clouds
213,Taltal,-25.4,-70.4833,57.78,79,90,4.56,CL,overcast clouds
214,Salinopolis,-0.6136,-47.3561,80.17,80,94,11.16,BR,overcast clouds
215,Horqueta,-23.3428,-57.0597,63.07,25,2,2.21,PY,clear sky
216,Kanash,55.5086,47.4956,57.99,93,22,6.82,RU,few clouds
217,Nuristan,35.3,70.8333,48.29,62,2,6.35,AF,clear sky
218,Tenkasi,8.956,77.3058,76.62,91,37,6.33,IN,scattered clouds
219,Manta,-0.95,-80.7333,76.78,83,100,10.36,EC,overcast clouds
220,Oktyabrskoye,43.0645,44.7417,62.74,88,98,6.71,RU,light rain
221,Hoopstad,-27.8327,25.9083,49.15,36,43,6.98,ZA,scattered clouds
222,Cajamarca,-7.1638,-78.5003,69.87,32,0,8.05,PE,clear sky
223,Damghan,36.1683,54.348,74.95,46,0,1.66,IR,clear sky
224,Klaksvik,62.2266,-6.589,50.92,87,90,8.63,FO,overcast clouds
225,Vila Velha,-20.3297,-40.2925,71.55,68,75,11.5,BR,broken clouds
226,Pangody,65.85,74.4859,48.97,68,0,15.03,RU,clear sky
227,Marrakesh,31.6315,-8.0083,93.27,31,40,3.44,MA,scattered clouds
228,Carnarvon,-24.8667,113.6333,59.23,58,73,14.0,AU,broken clouds
229,Pala,9.3642,14.9046,71.6,88,100,5.21,TD,overcast clouds
230,Goderich,43.7501,-81.7165,73.9,64,6,6.78,CA,clear sky
231,Atlantic City,39.3643,-74.4229,90.01,41,0,9.22,US,clear sky
232,Paveh,35.0434,46.3565,74.52,17,1,2.24,IR,clear sky
233,Augusto Correa,-1.0217,-46.635,77.56,85,71,5.08,BR,broken clouds
234,Jacqueville,5.2052,-4.4146,75.79,84,81,12.59,CI,broken clouds
235,Trinidad,-14.8333,-64.9,77.83,40,6,3.33,BO,clear sky
236,La Asuncion,11.0333,-63.8628,83.93,79,40,3.44,VE,scattered clouds
237,Morbegno,46.1383,9.57,72.37,70,3,7.52,IT,clear sky
238,Hundested,55.9667,11.8667,63.21,78,70,12.06,DK,broken clouds
239,Szank,46.5571,19.661,69.85,73,34,10.74,HU,scattered clouds
240,Moron,-34.6534,-58.6198,61.97,60,29,4.92,AR,scattered clouds
241,Korla,41.7597,86.1469,74.59,41,6,6.93,CN,clear sky
242,Lukovetskiy,64.2956,41.9211,55.85,98,81,4.03,RU,broken clouds
243,Kosh-Agach,50.0,88.6667,50.16,77,95,1.95,RU,overcast clouds
244,Buraydah,26.326,43.975,90.77,35,99,8.84,SA,overcast clouds
245,Beloha,-25.1667,45.05,66.92,75,88,3.71,MG,overcast clouds
246,Thompson,55.7435,-97.8558,70.05,30,100,9.62,CA,overcast clouds
247,Hobyo,5.3505,48.5268,75.54,87,59,27.22,SO,broken clouds
248,Bardiyah,31.7561,25.0865,78.15,75,0,16.69,LY,clear sky
249,Ecoporanga,-18.3733,-40.8306,70.3,81,3,11.16,BR,clear sky
250,Porto Novo,6.4965,2.6036,75.36,81,71,9.66,BJ,broken clouds
251,Strai,58.2,7.9,58.64,82,78,4.61,NO,broken clouds
252,Bambous Virieux,-20.3428,57.7575,70.21,73,40,16.11,MU,scattered clouds
253,Olinda,-8.0089,-34.8553,74.93,88,100,5.75,BR,moderate rain
254,Springfield,37.2153,-93.2982,70.92,93,100,13.8,US,overcast clouds
255,Taoudenni,22.6783,-3.9836,100.06,23,87,6.98,ML,overcast clouds
256,Catalina,32.5056,-110.9211,89.2,41,55,5.53,US,light rain
257,Mgandu,-5.95,34.1333,66.31,60,98,8.75,TZ,overcast clouds
258,Abu Dhabi,24.4667,54.3667,91.51,64,0,5.75,AE,clear sky
259,Mabaruma,8.2,-59.7833,76.57,96,68,4.09,GY,broken clouds
260,Kontagora,10.3999,5.4695,72.3,93,99,3.65,NG,light rain
261,Faya,18.3851,42.4509,66.72,53,44,3.44,SA,scattered clouds
262,Chicama,-7.8447,-79.1469,61.34,72,31,9.17,PE,scattered clouds
263,Strezhevoy,60.7333,77.5889,61.56,94,100,8.32,RU,overcast clouds
264,Artigas,-30.4,-56.4667,51.85,75,1,4.94,UY,clear sky
265,Opuwo,-18.0607,13.84,57.38,40,3,5.53,NA,clear sky
266,Upata,8.0086,-62.3989,74.57,92,74,3.69,VE,broken clouds
267,Farafangana,-22.8167,47.8333,65.66,91,9,5.55,MG,light rain
268,El Alto,-4.2714,-81.2147,65.55,78,14,19.28,PE,few clouds
269,Saint-Louis,16.3333,-15.0,82.42,61,99,10.8,SN,overcast clouds
270,Krasnoselkup,65.7,82.4667,47.57,70,0,18.34,RU,clear sky
271,Finspang,58.7058,15.7674,64.51,62,43,4.85,SE,scattered clouds
272,Kalmunai,7.4167,81.8167,78.22,83,100,5.26,LK,overcast clouds
273,Kulu,39.0951,33.0799,74.5,30,0,7.7,TR,clear sky
274,Sambava,-14.2667,50.1667,69.58,87,63,9.24,MG,light rain
275,Belmonte,-15.8631,-38.8828,74.5,91,0,10.58,BR,clear sky
276,Kopervik,59.2835,5.3067,61.12,83,100,16.73,NO,overcast clouds
277,Thinadhoo,0.5333,72.9333,77.29,89,100,15.26,MV,overcast clouds
278,Rabo De Peixe,37.8,-25.5833,71.11,83,20,5.75,PT,few clouds
279,Xapuri,-10.6517,-68.5044,85.32,40,1,0.34,BR,clear sky
280,Los Llanos De Aridane,28.6585,-17.9182,69.55,92,75,16.11,ES,broken clouds
281,Harbour Breton,47.4833,-55.7983,62.58,95,100,12.17,CA,overcast clouds
282,Piacabucu,-10.4056,-36.4344,74.57,88,29,8.68,BR,scattered clouds
283,Ampanihy,-24.7,44.75,68.52,71,84,2.84,MG,broken clouds
284,Uarini,-2.99,-65.1083,77.04,93,92,2.44,BR,overcast clouds
285,Ilhabela,-23.7781,-45.3581,61.7,76,27,5.1,BR,scattered clouds
286,Luderitz,-26.6481,15.1594,54.16,63,57,21.77,NA,broken clouds
287,Lastoursville,-0.8143,12.7287,78.15,63,96,4.61,GA,overcast clouds
288,Vestmannaeyjar,63.4427,-20.2734,50.79,78,73,16.84,IS,broken clouds
289,Axim,4.8699,-2.2405,74.68,83,65,10.87,GH,broken clouds
290,Kitui,-1.367,38.0106,62.76,77,84,7.92,KE,broken clouds
291,Carballo,43.213,-8.691,71.01,87,2,8.9,ES,clear sky
292,Frome,51.2283,-2.3221,68.2,85,98,7.05,GB,overcast clouds
293,Jammalamadugu,14.8333,78.4,83.1,69,93,5.01,IN,overcast clouds
294,Douentza,14.9951,-2.9517,86.58,49,26,6.8,ML,scattered clouds
295,Desna,50.9273,30.7605,70.86,68,27,9.64,UA,scattered clouds
296,San Andres,12.5847,-81.7006,84.22,79,75,11.5,CO,broken clouds
297,Husavik,66.0449,-17.3389,41.9,95,100,15.95,IS,overcast clouds
298,Paamiut,61.994,-49.6678,42.42,95,71,11.74,GL,broken clouds
299,Willowmore,-33.2926,23.4895,40.91,82,3,3.91,ZA,clear sky
300,Vila Do Maio,15.1333,-23.2167,78.51,78,98,10.38,CV,overcast clouds
301,Filadelfia,39.9523,-75.1638,90.09,39,40,10.36,US,scattered clouds
302,Winneba,5.3511,-0.6231,73.6,87,73,11.39,GH,broken clouds
303,Beira,-19.8436,34.8389,62.69,100,0,3.44,MZ,clear sky
304,Port Blair,11.6667,92.75,81.46,83,100,8.99,IN,overcast clouds
305,Mallow,52.1333,-8.6333,64.09,97,100,4.38,IE,overcast clouds
306,Semey,50.4111,80.2275,64.15,86,65,9.35,KZ,broken clouds
307,Bonfim,3.0833,-59.95,74.77,91,98,2.42,BR,overcast clouds
308,Maraa,-1.8333,-65.3667,77.27,88,64,1.41,BR,broken clouds
309,Montclair,40.8259,-74.209,89.31,39,40,11.5,US,scattered clouds
310,Roros,62.5747,11.3842,53.44,66,75,3.44,NO,broken clouds
311,Hualmay,-11.0964,-77.6139,64.54,78,21,9.95,PE,few clouds
312,Rawson,-43.3002,-65.1023,47.93,53,2,5.41,AR,clear sky
313,Bria,6.5423,21.9863,68.86,97,100,3.2,CF,overcast clouds
314,Macusani,-14.0833,-70.4333,50.67,32,35,1.95,PE,scattered clouds
315,Castro,-24.7911,-50.0119,50.23,64,3,3.83,BR,clear sky
316,Vilcun,-38.65,-72.2333,43.54,94,100,1.74,CL,overcast clouds
317,Tabou,4.423,-7.3528,74.59,80,32,7.76,CI,scattered clouds
318,Penzance,50.1186,-5.5371,63.28,94,96,16.53,GB,overcast clouds
319,Stromness,58.965,-3.296,53.87,83,62,4.0,GB,broken clouds
320,Monaco-Ville,43.731,7.4248,82.24,43,0,10.36,FR,clear sky
321,Promyshlennyy,67.5833,63.9167,48.16,73,31,5.1,RU,scattered clouds
322,Oirschot,51.505,5.3139,71.22,75,100,2.3,NL,overcast clouds
323,Seinajoki,62.7945,22.8282,55.24,87,0,2.3,FI,clear sky
324,Maragogi,-9.0122,-35.2225,76.51,86,100,9.06,BR,overcast clouds
325,Puerto Ayacucho,5.6639,-67.6236,79.77,81,65,3.74,VE,light rain
326,Barra Do Garcas,-15.89,-52.2567,77.38,33,0,4.83,BR,clear sky
327,San Felipe,10.3399,-68.7425,77.4,83,86,6.35,VE,overcast clouds
328,Khash,28.2211,61.2158,78.66,58,100,4.56,IR,overcast clouds
329,Partizanske,48.6286,18.3846,66.96,96,100,4.29,SK,overcast clouds
330,Yenagoa,4.9247,6.2642,73.51,93,100,4.16,NG,overcast clouds
331,Bayshore Gardens,27.4253,-82.5904,96.19,58,0,6.91,US,clear sky
332,Cascais,38.6979,-9.4215,77.5,54,1,8.99,PT,clear sky
333,Sur,22.5667,59.5289,84.78,68,51,8.72,OM,broken clouds
334,Ubinskoye,55.3068,79.6802,61.34,80,68,6.24,RU,broken clouds
335,Marawi,7.9986,124.2928,68.92,92,100,2.73,PH,overcast clouds
336,Bandarbeyla,9.4942,50.8122,75.29,86,12,30.13,SO,few clouds
337,Malaryta,51.7905,24.074,66.33,72,100,12.48,BY,light rain
338,Namibe,-15.1961,12.1522,61.74,88,77,4.23,AO,broken clouds
339,Gazanjyk,39.2446,55.5154,82.06,54,0,10.02,TM,clear sky
340,Itarema,-2.9248,-39.9167,78.8,79,82,13.58,BR,broken clouds
341,Bertoua,4.5833,13.6833,66.24,98,79,3.69,CM,broken clouds
342,Tshikapa,-6.4167,20.8,76.05,35,0,1.77,CD,clear sky
343,Alta Floresta,-9.8756,-56.0861,80.46,29,3,3.22,BR,clear sky
344,Polohy,47.4844,36.2536,70.32,45,39,11.95,UA,scattered clouds
345,San Rafael,-34.6177,-68.3301,57.61,33,100,6.49,AR,overcast clouds
346,Maridi,4.9158,29.4742,66.42,96,100,3.94,SS,overcast clouds
347,Tutoia,-2.7619,-42.2744,80.31,79,95,13.49,BR,overcast clouds
348,Pokhara,28.2333,83.9833,71.91,93,99,0.76,NP,moderate rain
349,Borovoy,55.4333,86.0833,65.48,88,40,4.47,RU,scattered clouds
350,Phalodi,27.1333,72.3667,83.46,74,100,15.82,IN,overcast clouds
351,Muisne,0.6,-80.0333,75.83,83,95,10.2,EC,overcast clouds
352,Ushtobe,45.2514,77.9838,69.01,49,36,8.12,KZ,scattered clouds
353,Benjamin Constant,-4.3831,-70.0311,87.93,66,20,4.61,BR,few clouds
354,George,-33.963,22.4617,49.55,76,75,10.36,ZA,broken clouds
355,Paragominas,-2.9667,-47.4833,78.01,75,83,6.44,BR,broken clouds
356,Sao Francisco,-15.9486,-44.8644,76.28,27,0,5.32,BR,clear sky
357,Vila Franca Do Campo,37.7167,-25.4333,72.01,83,24,4.85,PT,few clouds
358,Brokopondo,4.75,-55.1667,78.24,82,42,5.77,SR,scattered clouds
359,Kodaikanal,10.2333,77.4833,57.0,84,97,1.43,IN,overcast clouds
360,Marzuq,14.4,46.4667,79.59,58,53,15.66,YE,light rain
361,Gan Yavne,31.7874,34.7066,80.42,83,39,2.84,IL,scattered clouds
362,Hampton,37.0299,-76.3452,89.02,55,0,6.91,US,clear sky
363,Nassau,40.7507,-73.5829,89.83,40,75,9.22,US,broken clouds
364,Lucea,18.451,-78.1736,85.86,75,30,12.41,JM,scattered clouds
365,Chabahar,25.2919,60.643,81.43,85,79,5.44,IR,broken clouds
366,Bell Ville,-32.6259,-62.6887,61.66,34,66,7.34,AR,broken clouds
367,Bordighera,43.7806,7.6645,82.15,62,1,5.59,IT,clear sky
368,Cananeia,-25.0147,-47.9267,59.47,76,6,3.22,BR,clear sky
369,Grindavik,63.8424,-22.4338,49.95,87,75,10.36,IS,broken clouds
370,Jumla,29.2747,82.1838,62.01,95,100,1.07,NP,overcast clouds
371,Mbanza-Ngungu,-5.25,14.8667,68.63,73,0,11.79,CD,clear sky
372,Norden,53.6,7.2,64.94,79,100,2.77,DE,overcast clouds
373,Kibre Mengist,5.8833,38.9833,59.99,85,100,2.06,ET,overcast clouds
374,Tekkali,18.6167,84.2333,80.28,87,98,4.76,IN,overcast clouds
375,Qaqortoq,60.7167,-46.0333,44.92,89,15,5.84,GL,few clouds
376,Dronninglund,57.1604,10.2929,62.78,75,65,8.21,DK,broken clouds
377,Agara,42.0376,43.8238,65.79,82,57,2.37,GE,broken clouds
378,Puerto Del Rosario,28.5004,-13.8627,74.95,83,40,12.66,ES,scattered clouds
379,Bellevue,47.6104,-122.2007,99.95,40,0,10.36,US,clear sky
380,Peniche,39.3558,-9.3811,69.3,91,0,8.63,PT,clear sky
381,Llandrindod Wells,52.2416,-3.3787,63.95,98,100,9.93,GB,heavy intensity rain
382,Sorland,67.667,12.6934,57.06,75,7,12.19,NO,clear sky
383,Pirenopolis,-15.8525,-48.9592,75.69,32,0,0.94,BR,clear sky
384,Khromtau,50.2503,58.4347,61.12,79,28,7.05,KZ,scattered clouds
385,Mandera,3.9366,41.867,78.51,57,51,21.5,KE,broken clouds
386,Pustoshka,56.3355,29.369,52.21,77,39,2.39,RU,scattered clouds
387,Oum Hadjer,13.2954,19.6966,83.55,57,90,4.52,TD,overcast clouds
388,Saint-Francois,46.4154,3.9054,65.64,68,0,1.14,FR,clear sky
389,Ormara,25.2088,64.6357,80.96,84,100,19.71,PK,overcast clouds
390,Kedrovyy,56.1667,91.8167,61.21,98,99,3.91,RU,overcast clouds
391,Karakol,42.4907,78.3936,56.84,79,93,2.82,KG,overcast clouds
392,Assai,-23.3733,-50.8414,66.06,38,5,3.91,BR,clear sky
393,Porto Walter,-8.2686,-72.7439,84.67,57,55,0.72,BR,broken clouds
394,Pisco,-13.7,-76.2167,64.45,72,0,6.91,PE,clear sky
395,Kutum,14.2,24.6667,76.48,64,89,8.39,SD,moderate rain
396,Lejanias,3.5251,-74.0216,74.43,92,95,1.66,CO,overcast clouds
397,Uni,57.7535,51.4923,64.0,71,100,2.86,RU,overcast clouds
398,Svetlyy,54.675,20.1347,63.97,80,100,8.93,RU,overcast clouds
399,Eyemouth,55.8713,-2.0901,59.81,86,100,8.93,GB,overcast clouds
400,Asandh,29.5167,76.6,79.95,85,95,2.26,IN,heavy intensity rain
401,Ascension,30.2169,-90.9001,87.01,79,0,0.0,US,clear sky
402,Maiduguri,11.8464,13.1603,72.43,84,100,7.27,NG,overcast clouds
403,Adrar,20.5022,-10.0711,93.33,32,44,9.84,MR,scattered clouds
404,Dhidhdhoo,6.8833,73.1,80.53,82,100,17.58,MV,overcast clouds
405,Lethem,3.3803,-59.7968,75.25,90,87,4.79,GY,overcast clouds
406,Minab,27.1467,57.0801,88.12,70,100,0.0,IR,overcast clouds
407,Belyy Yar,53.6039,91.3903,60.85,88,0,4.47,RU,light rain
408,Mantua,45.1667,10.7833,78.04,72,1,3.0,IT,clear sky
409,Camargo,27.6667,-105.1667,91.53,21,25,17.34,MX,scattered clouds
410,Kemijarvi,66.7131,27.4306,47.3,96,100,5.46,FI,overcast clouds
411,Umm Kaddadah,13.6017,26.6876,87.12,47,40,11.39,SD,scattered clouds
412,Kovdor,67.5662,30.4758,46.99,99,100,3.27,RU,overcast clouds
413,Dabat,12.9842,37.765,53.37,93,100,3.15,ET,overcast clouds
414,Hambantota,6.1241,81.1185,79.07,85,100,14.76,LK,overcast clouds
415,Kindu,-2.95,25.95,72.07,84,73,1.19,CD,light rain
416,Gat,31.61,34.7642,79.48,100,57,3.0,IL,broken clouds
417,Dudinka,69.4058,86.1778,47.62,73,97,17.83,RU,overcast clouds
418,Talnakh,69.4865,88.3972,47.21,76,78,16.64,RU,broken clouds
419,Nosy Varika,-20.5833,48.5333,64.94,92,18,4.09,MG,few clouds
420,Umarizal,-5.9906,-37.8144,79.11,65,95,11.48,BR,overcast clouds
421,General Pico,-35.6566,-63.7568,58.01,36,100,4.54,AR,overcast clouds
422,Morondava,-20.2833,44.2833,69.12,84,19,5.97,MG,light rain
423,Kibala,9.1104,18.3463,71.96,96,100,3.53,TD,light rain
424,Saint-Augustin,51.226,-58.6502,68.54,68,84,14.65,CA,broken clouds
425,Saint-Joseph,-21.3667,55.6167,70.11,80,53,12.55,RE,light rain
426,Arkhangelsk,64.5401,40.5433,57.31,100,20,4.47,RU,few clouds
427,Monte Mor,-22.9467,-47.3158,62.26,63,0,10.36,BR,clear sky
428,Rio Grande,-32.035,-52.0986,52.95,72,0,5.23,BR,clear sky
429,Abbeville,50.1,1.8333,66.25,96,59,6.02,FR,broken clouds
430,Wawa,9.9022,4.4192,74.5,88,60,4.36,NG,light rain
431,Grand-Lahou,5.1367,-5.0242,74.97,85,99,9.48,CI,overcast clouds
432,Butembo,0.15,29.2833,55.47,96,17,2.44,CD,few clouds
433,Zhezkazgan,47.8043,67.7144,64.71,76,14,7.7,KZ,few clouds
434,Verenchanka,48.5465,25.7453,64.65,89,100,3.2,UA,overcast clouds
435,Pombas,17.1503,-25.0201,74.57,78,96,7.7,CV,overcast clouds
436,Liverpool,53.4106,-2.9779,65.28,92,75,8.05,GB,light intensity drizzle rain
437,Statesboro,32.4488,-81.7832,94.53,43,75,9.22,US,broken clouds
438,Ipojuca,-8.3989,-35.0639,75.11,88,100,6.08,BR,overcast clouds
439,Ngaoundere,7.3167,13.5833,62.98,98,100,3.18,CM,overcast clouds
440,Muzhi,65.3667,64.6667,48.42,79,10,7.18,RU,clear sky
441,Berlevag,70.8578,29.0864,50.0,93,100,16.11,NO,overcast clouds
442,Killin,33.6123,-91.7412,75.29,94,75,5.75,US,thunderstorm with light rain
443,Sistranda,63.7256,8.834,55.36,80,100,4.74,NO,overcast clouds
444,Dagda,56.0951,27.5372,52.02,74,71,1.54,LV,broken clouds
445,Mitsamiouli,-11.3847,43.2844,75.42,76,0,5.7,KM,clear sky
446,Gornopravdinsk,60.05,69.9,61.02,88,42,6.06,RU,light rain
447,Businga,3.3333,20.8833,71.69,95,100,1.25,CD,overcast clouds
448,Quelimane,-17.8786,36.8883,66.15,94,20,0.0,MZ,few clouds
449,Rudnichnyy,59.617,52.4703,58.05,81,47,1.86,RU,scattered clouds
450,Tazovskiy,67.4667,78.7,42.76,82,1,14.63,RU,clear sky
451,Abrau-Dyurso,44.69,37.59,71.06,55,9,11.41,RU,clear sky
452,Acarau,-2.8856,-40.12,78.93,80,92,14.5,BR,overcast clouds
453,Saint-Georges,12.0564,-61.7485,83.88,74,20,17.27,GD,few clouds
454,Odweyne,9.4092,45.064,73.89,50,65,16.89,SO,broken clouds
455,Manali,13.1667,80.2667,84.07,88,69,8.93,IN,broken clouds
456,Kokstad,-30.5472,29.4241,49.23,91,98,1.99,ZA,light rain
457,Bara,10.3744,10.7288,70.93,89,100,4.54,NG,overcast clouds
458,Divnomorskoye,44.5011,38.1353,75.83,68,0,7.38,RU,clear sky
459,Moura,38.1401,-7.4486,78.91,34,0,6.76,PT,clear sky
460,Sakhnovshchyna,49.1517,35.872,62.44,63,35,7.45,UA,scattered clouds
461,Shakawe,-18.3667,21.85,58.84,25,0,5.41,BW,clear sky
462,Masyaf,35.0653,36.3406,72.7,61,0,6.78,SY,clear sky
463,Kortkeros,61.8106,51.5806,64.4,54,99,0.38,RU,overcast clouds
464,Esik,43.3552,77.4525,63.82,67,100,2.91,KZ,overcast clouds
465,Qasigiannguit,68.8193,-51.1922,48.45,92,100,6.67,GL,light rain
466,Raga,8.4596,25.678,68.86,96,93,4.63,SS,overcast clouds
467,Imbituba,-28.24,-48.6703,54.09,85,1,1.72,BR,clear sky
468,Villa Bruzual,9.3328,-69.1208,81.97,82,32,2.51,VE,scattered clouds
469,Vazante,-17.9869,-46.9078,74.28,37,30,5.79,BR,scattered clouds
470,Ambatofinandrahana,-20.55,46.8,55.0,83,68,3.0,MG,broken clouds
471,Tabuk,17.4189,121.4443,74.28,89,100,2.28,PH,overcast clouds
472,Aketi,2.7388,23.7833,69.39,99,85,1.07,CD,moderate rain
473,Sfantu Gheorghe,45.8667,25.7833,68.27,94,48,0.85,RO,light rain
474,Melfi,40.9965,15.6514,69.03,85,13,2.26,IT,few clouds
475,Baghdad,33.3406,44.4009,98.13,11,1,8.16,IQ,clear sky
476,Oranjestad,12.524,-70.027,80.49,83,57,20.78,AW,broken clouds
477,Liberia,6.5,-9.5,69.31,93,34,2.57,LR,scattered clouds
478,Albany,42.6001,-73.9662,80.58,51,24,10.65,US,few clouds
479,Tsaratanana,-16.7833,47.65,65.1,78,28,9.66,MG,scattered clouds
480,Mattru,7.6244,-11.8332,72.46,84,97,2.82,SL,overcast clouds
481,Aden,12.7794,45.0367,84.13,79,6,7.09,YE,clear sky
482,Cairo,30.0626,31.2497,83.16,51,0,3.44,EG,clear sky
483,Lamu,-2.2717,40.902,73.62,86,20,14.07,KE,few clouds
484,Manono,-7.3,27.4167,76.57,37,6,1.95,CD,clear sky
485,Alexandria,31.2156,29.9553,79.07,70,0,7.67,EG,clear sky
486,Tekeli,44.83,78.8239,59.54,69,94,7.4,KZ,overcast clouds
487,Beterou,9.1992,2.2586,71.44,96,82,3.29,BJ,moderate rain
488,Hamilton,39.1834,-84.5333,84.07,49,0,4.61,US,clear sky
489,Tromso,69.6496,18.957,57.38,62,0,0.0,NO,clear sky
490,Madimba,-10.4,40.3333,70.77,87,16,3.65,TZ,few clouds
491,Matagami,49.7502,-77.6328,69.91,68,100,11.5,CA,overcast clouds
492,Outjo,-20.1167,16.15,54.45,32,1,7.76,NA,clear sky
493,Pangnirtung,66.1451,-65.7125,60.8,59,100,19.57,CA,overcast clouds
494,Frolovo,49.7713,43.6622,64.38,71,91,8.14,RU,overcast clouds
495,Moju,-1.8839,-48.7689,74.17,98,99,2.57,BR,moderate rain
496,Matviyivka,47.0747,35.1444,70.63,43,8,11.12,UA,clear sky
497,Tambacounda,13.7539,-13.7586,75.7,91,100,7.61,SN,moderate rain
498,Berbera,10.4396,45.0143,90.5,42,2,21.56,SO,clear sky
499,Banyo,6.75,11.8167,62.87,96,100,2.91,CM,overcast clouds
500,Joue-Les-Tours,47.3522,0.6691,75.65,61,0,4.61,FR,clear sky
501,Alegrete,-29.7831,-55.7919,53.46,70,21,4.41,BR,few clouds
502,Polyarnyy,69.1989,33.4478,52.39,95,98,11.95,RU,overcast clouds
503,Ambilobe,-13.2,49.05,65.93,83,0,4.27,MG,clear sky
504,Kamina,-8.7386,24.9906,67.8,44,20,4.52,CD,few clouds
505,Siyabuswa,-25.1132,29.0445,58.75,38,8,1.25,ZA,clear sky
506,Quatre Cocos,-20.2078,57.7625,70.09,72,50,17.67,MU,scattered clouds
507,Fernandina Beach,30.6697,-81.4626,93.22,71,0,16.11,US,clear sky
508,Portmore,17.9702,-76.8672,89.06,72,40,18.41,JM,scattered clouds
509,Sept-Iles,50.2001,-66.3821,69.8,70,75,6.91,CA,broken clouds
510,Jutai,-5.1833,-68.9,81.48,68,100,1.36,BR,overcast clouds
511,Salinas,36.6777,-121.6555,79.99,63,40,13.8,US,scattered clouds
512,Carmaux,44.051,2.158,73.67,58,0,2.86,FR,clear sky
513,Acurenam,1.0322,10.6488,65.68,99,54,3.62,GQ,broken clouds
514,Grajewo,53.6473,22.4554,61.7,76,100,9.19,PL,overcast clouds
515,Kamennomostskiy,44.2983,40.1856,69.06,66,8,4.45,RU,clear sky
516,Manadhoo,5.7667,73.3833,79.12,84,100,18.16,MV,moderate rain
517,Calarasi,47.2544,28.3081,71.31,54,59,6.44,MD,broken clouds
518,Snezhnogorsk,69.1933,33.2531,51.58,96,98,11.72,RU,overcast clouds
519,Talas,38.6908,35.5538,59.67,59,0,4.61,TR,clear sky
520,Nitra,48.3076,18.0845,66.34,88,90,11.83,SK,overcast clouds
521,Kattivakkam,13.2167,80.3167,84.07,88,71,9.78,IN,broken clouds
522,Valparaiso,-33.0393,-71.6273,56.84,90,75,9.22,CL,broken clouds
523,Tiznit,29.5833,-9.5,88.66,21,0,2.1,MA,clear sky
524,Mayor Pablo Lagerenza,-19.9309,-60.7718,74.34,34,3,5.95,PY,clear sky
525,Curuca,-0.7289,-47.8481,76.15,91,100,5.32,BR,moderate rain
526,Krasnoborsk,61.5598,45.934,57.4,96,82,0.83,RU,broken clouds
527,San Cristobal,7.7669,-72.225,78.98,60,76,5.14,VE,broken clouds
528,Lodwar,3.1191,35.5973,81.39,44,24,3.53,KE,few clouds
529,Bingol,38.8847,40.4939,73.0,21,0,2.95,TR,clear sky
530,Sarankhola,22.3082,89.7897,80.28,90,99,5.41,BD,overcast clouds
531,Puerto Narino,-3.7703,-70.3831,81.73,73,57,0.27,CO,broken clouds
532,Toamasina,-18.1667,49.3833,66.87,88,27,3.69,MG,scattered clouds
533,Ostrovnoy,68.0531,39.5131,57.4,91,66,7.94,RU,broken clouds
534,Berea,41.3662,-81.8543,81.39,57,0,8.05,US,clear sky
535,Ahar,38.4774,47.0699,67.42,67,63,3.33,IR,light rain
536,Sangmelima,2.9333,11.9833,65.98,99,43,2.86,CM,scattered clouds
537,Goundam,16.4145,-3.6708,90.0,44,22,7.25,ML,few clouds
538,Koboko,3.4136,30.9599,62.83,94,100,3.67,UG,overcast clouds
539,Aktas,49.7789,72.9608,53.35,75,100,4.54,KZ,overcast clouds
540,Machali,-34.1833,-70.6667,49.28,87,75,4.61,CL,haze
541,Kyabe,9.4515,18.9449,72.1,93,83,3.44,TD,broken clouds
542,Centralia,46.7162,-122.9543,97.86,36,0,4.61,US,clear sky
543,Puerto Madryn,-42.7692,-65.0385,49.26,54,7,7.07,AR,clear sky
544,Aksarka,66.5606,67.7975,45.18,85,6,8.14,RU,clear sky
545,Opatija,45.3392,14.3083,72.18,67,4,5.86,HR,clear sky
546,Andros Town,24.7,-77.7667,87.76,70,5,17.83,BS,clear sky
547,Conakry,9.538,-13.6773,78.22,75,26,8.77,GN,scattered clouds
548,Riyadh,24.6877,46.7219,93.34,45,96,8.61,SA,overcast clouds
549,Pozo Colorado,-23.4923,-58.7972,63.84,25,2,4.18,PY,clear sky
550,Santa Maria Da Vitoria,-13.3947,-44.1886,78.26,22,20,4.27,BR,few clouds
551,Barreirinhas,-2.7469,-42.8264,78.82,81,83,7.54,BR,broken clouds
552,Nelspruit,-25.4745,30.9703,62.89,51,5,1.14,ZA,clear sky
553,Bolpur,23.6667,87.7167,86.02,71,100,8.63,IN,overcast clouds
554,Camacha,33.0833,-16.3333,67.42,83,40,14.97,PT,scattered clouds
555,Grootfontein,-19.5667,18.1167,53.17,37,2,3.44,NA,clear sky
556,El Transito,13.35,-88.35,94.66,61,94,4.38,SV,overcast clouds
557,Panjab,34.388,67.0233,56.14,51,27,5.1,AF,scattered clouds
558,Olafsvik,64.8945,-23.7142,49.53,68,4,10.0,IS,clear sky
559,Paita,-5.0892,-81.1144,65.98,81,12,17.72,PE,few clouds
560,Umm Lajj,25.0213,37.2685,88.2,46,77,8.03,SA,broken clouds
561,Yambio,4.5721,28.3955,66.9,94,100,4.07,SS,overcast clouds
562,Westport,41.1415,-73.3579,88.09,46,20,11.5,US,few clouds
563,Rivadavia,-33.1905,-68.4608,60.89,30,82,8.59,AR,broken clouds
564,Janakpur,26.7183,85.9065,79.77,89,100,3.6,NP,overcast clouds
565,Chimbote,-9.0853,-78.5783,64.78,77,58,10.56,PE,broken clouds
566,Surovikino,48.6078,42.8486,73.85,51,73,9.53,RU,broken clouds
567,Yabelo,4.8833,38.0833,61.38,66,100,5.06,ET,light rain
568,Cap-Aux-Meules,47.3821,-61.8597,73.45,68,40,9.22,CA,scattered clouds
569,Vigrestad,58.5667,5.7,60.89,84,100,12.06,NO,overcast clouds
570,Ilebo,-4.3167,20.5833,73.89,48,23,1.48,CD,few clouds
571,Gore,-46.1028,168.9436,39.87,92,99,7.49,NZ,overcast clouds
572,Jeremie,18.65,-74.1167,84.49,70,21,4.16,HT,few clouds
573,Falmouth,50.1544,-5.0711,63.5,100,100,10.36,GB,mist
574,Tarko-Sale,64.9225,77.785,51.12,65,0,16.4,RU,clear sky
575,Monforte De Lemos,42.5216,-7.5142,73.56,95,0,2.57,ES,clear sky
576,Skagen,57.7209,10.5839,64.54,78,94,10.87,DK,overcast clouds
577,Stephenville Crossing,48.5,-58.4318,66.33,88,75,18.41,CA,broken clouds
578,Hulyaypole,47.6653,36.2578,69.15,47,42,10.63,UA,scattered clouds
579,Rosetta,31.4044,30.4164,78.49,72,0,11.88,EG,clear sky
580,Uniao,-4.5858,-42.8642,77.74,71,86,2.64,BR,moderate rain
581,Ginir,7.1333,40.7,59.54,73,47,8.21,ET,scattered clouds
582,Luanda,-8.8368,13.2343,69.8,88,75,9.22,AO,broken clouds
583,Bongandanga,1.5,21.05,72.3,84,100,3.49,CD,overcast clouds
584,Apiai,-24.5094,-48.8425,52.09,63,3,2.62,BR,clear sky
585,Uricani,45.3373,23.1524,61.86,94,100,3.78,RO,overcast clouds
586,Nisia Floresta,-6.0911,-35.2086,79.18,97,100,6.31,BR,overcast clouds
587,Maxixe,-23.8597,35.3472,64.65,81,1,6.78,MZ,clear sky
588,Harper,4.375,-7.7169,74.55,80,18,7.61,LR,few clouds
589,Puerto Gaitan,4.3133,-72.0816,82.56,74,81,3.31,CO,broken clouds
590,Koslan,63.4564,48.8989,61.93,83,98,4.59,RU,overcast clouds
591,Tahoua,14.8888,5.2692,78.31,64,100,18.23,NE,overcast clouds
592,Waddan,29.1614,16.139,82.89,48,0,17.18,LY,clear sky
593,Agirish,61.9247,63.0231,63.63,92,100,7.61,RU,light rain
594,Chachapoyas,-6.2317,-77.869,64.94,52,23,2.75,PE,few clouds
595,Ilo,-17.6394,-71.3375,60.67,76,49,4.05,PE,scattered clouds
596,Kisangani,0.5167,25.2,70.16,98,96,1.9,CD,overcast clouds
597,Tanhacu,-14.0214,-41.2481,76.62,30,1,3.51,BR,clear sky
598,Concepcion Del Uruguay,-32.4825,-58.2372,57.25,69,11,6.67,AR,few clouds
599,Inta,66.0317,60.1659,55.47,85,67,9.48,RU,broken clouds
600,Bandundu,-3.3167,17.3667,82.54,38,9,2.19,CD,clear sky
601,Debre Tabor,11.85,38.0167,51.26,88,54,2.19,ET,light rain
602,Wexford,52.3342,-6.4575,63.9,96,100,11.01,IE,overcast clouds
603,West Warwick,41.6969,-71.5219,86.38,46,20,10.36,US,few clouds
604,Andros,37.8333,24.9333,79.74,53,0,1.99,GR,clear sky
605,Port Jervis,41.3751,-74.6927,84.88,46,0,9.13,US,clear sky
606,Yarmouth,41.7057,-70.2286,88.14,52,0,8.05,US,clear sky
607,Nantucket,41.2835,-70.0995,84.25,65,0,13.8,US,clear sky
608,Upington,-28.4478,21.2561,44.98,70,48,3.44,ZA,scattered clouds
609,Benguela,-12.5763,13.4055,66.58,88,12,4.03,AO,few clouds
610,General Roca,-39.0333,-67.5833,50.63,50,99,7.02,AR,overcast clouds
611,Sharjah,25.3573,55.4033,93.18,58,0,5.75,AE,clear sky
612,Dapaong,10.8639,0.205,78.96,73,100,4.03,TG,overcast clouds
613,Stornoway,58.2093,-6.3865,51.93,87,85,3.44,GB,overcast clouds
614,Bar Harbor,44.3876,-68.2039,79.65,50,20,9.22,US,few clouds
615,Aranos,-24.1333,19.1167,49.48,36,36,9.1,NA,scattered clouds
616,Teguise,29.0605,-13.564,70.02,78,20,16.11,ES,few clouds
617,Dunbar,38.3606,-81.7374,81.05,66,75,3.44,US,broken clouds
618,Seydi,39.4816,62.9137,82.98,26,0,8.21,TM,clear sky
619,Boa Vista,2.8197,-60.6733,78.78,83,20,1.14,BR,few clouds
620,Kroonstad,-27.6504,27.2349,49.93,46,82,4.47,ZA,broken clouds
621,Asosa,10.0667,34.5333,59.79,98,49,0.94,ET,light rain
622,Kidal,18.4411,1.4078,86.31,39,70,15.32,ML,broken clouds
623,Laguna,38.421,-121.4238,98.31,43,0,9.22,US,clear sky
624,San Pedro,14.35,121.0167,78.26,92,40,1.14,PH,scattered clouds
625,Rodrigues Alves,-7.738,-72.6509,88.0,60,63,3.29,BR,broken clouds
626,Luangwa,-15.6167,30.4167,60.21,54,0,2.68,ZM,clear sky
627,Skierniewice,51.9548,20.1584,60.67,96,100,9.91,PL,light rain
628,Abha,18.2164,42.5053,69.62,77,0,0.0,SA,clear sky
629,Berwick,41.0545,-76.2333,87.37,48,0,5.66,US,clear sky
630,Nowogard,53.6744,15.1163,63.45,72,0,4.61,PL,clear sky
631,Sekondi,4.937,-1.7128,73.99,82,72,9.35,GH,broken clouds
632,Millinocket,45.6573,-68.7098,77.11,50,0,12.66,US,clear sky
633,Batetskiy,58.6461,30.3027,57.2,73,100,2.48,RU,overcast clouds
634,Uspenka,48.3903,39.1619,67.24,53,63,7.25,UA,broken clouds
635,Maracaibo,10.6317,-71.6406,86.65,58,6,14.27,VE,clear sky
636,Guarapari,-20.6667,-40.4975,68.9,72,100,8.79,BR,overcast clouds
637,Palmas De Monte Alto,-14.2672,-43.1619,77.58,20,1,1.9,BR,clear sky
638,Ippy,6.2679,21.2247,69.35,98,100,2.73,CF,overcast clouds
639,Begunitsy,59.5855,29.3176,50.59,97,3,5.14,RU,clear sky
640,Ostersund,63.1792,14.6357,61.25,63,20,8.05,SE,few clouds
641,Maniwaki,46.3834,-75.966,75.58,50,89,6.91,CA,overcast clouds
642,Ayia Galini,35.1,24.6833,76.39,56,0,7.65,GR,clear sky
643,Mufulira,-12.5498,28.2407,59.11,43,4,3.09,ZM,clear sky
644,Paracatu,-17.2222,-46.8747,74.37,32,17,2.77,BR,few clouds
645,Kudahuvadhoo,2.6708,72.8944,78.58,84,100,16.64,MV,very heavy rain
646,Plettenberg Bay,-34.0527,23.3716,51.69,82,30,11.34,ZA,light rain
647,Salto,-31.3833,-57.9667,53.1,73,24,4.38,UY,few clouds
648,Tatawin,32.9297,10.4518,83.25,37,0,4.54,TN,clear sky
649,Mananjary,-21.2167,48.3333,65.19,92,11,4.43,MG,few clouds
650,Kotaparh,19.15,82.35,74.55,89,57,4.14,IN,broken clouds
651,Lask,51.5906,19.1328,61.02,98,100,1.01,PL,light rain
652,Beoumi,7.6736,-5.5764,74.26,81,87,5.39,CI,overcast clouds
653,Obera,-27.4871,-55.1199,51.08,80,12,2.51,AR,few clouds
654,Mwinilunga,-11.7358,24.4293,58.32,42,0,1.86,ZM,clear sky
655,Balkanabat,39.5108,54.3671,84.15,50,0,7.05,TM,clear sky
656,Camocim,-2.9022,-40.8411,79.56,80,77,15.75,BR,broken clouds
657,Akonolinga,3.7667,12.25,66.88,98,43,4.03,CM,scattered clouds
658,Xuddur,4.1213,43.8894,71.17,74,72,20.36,SO,broken clouds
659,Kartarpur,31.44,75.4997,76.3,94,98,6.04,IN,overcast clouds
660,Manicore,-5.8092,-61.3003,82.35,69,0,1.14,BR,clear sky
661,Mariental,-24.6333,17.9667,50.25,27,9,6.93,NA,clear sky
662,Bousso,10.4795,16.7117,75.0,85,97,3.67,TD,light rain
663,Villa Carlos Paz,-31.4241,-64.4978,63.9,23,6,15.01,AR,clear sky
664,Pitimbu,-7.4706,-34.8086,73.99,93,100,9.98,BR,moderate rain
665,Shache,38.4167,77.2406,77.72,26,95,19.84,CN,overcast clouds
666,Bouza,14.4229,6.0428,75.51,69,100,12.26,NE,light rain
667,Batsfjord,70.6345,29.7185,49.93,100,100,9.22,NO,overcast clouds
668,Bull Savanna,17.8868,-77.5902,82.51,72,37,7.99,JM,scattered clouds
669,Sabha,27.0377,14.4283,88.29,22,0,11.23,LY,clear sky
670,Lac-Au-Saumon,48.421,-67.3476,69.57,68,25,9.71,CA,scattered clouds
671,Thaba-Tseka,-29.522,28.6084,39.9,76,50,4.72,LS,scattered clouds
672,Kiruna,67.8557,20.2251,49.12,76,74,4.61,SE,broken clouds
673,Sao Jose Da Coroa Grande,-8.8978,-35.1478,76.6,86,99,9.26,BR,overcast clouds
674,Neuquen,-38.9516,-68.0591,51.69,50,0,0.0,AR,clear sky
675,Am Timan,11.0297,20.2827,75.04,82,93,5.48,TD,moderate rain
676,Princes Town,10.2667,-61.3833,84.47,83,99,6.55,TT,overcast clouds
677,Khor,47.8861,134.9464,73.2,87,3,6.22,RU,clear sky
678,Kirkwood,38.5834,-90.4068,81.52,64,75,5.75,US,broken clouds
679,Canto Do Buriti,-8.11,-42.9444,83.75,39,38,3.27,BR,scattered clouds
680,Mega,4.05,38.3,61.66,64,95,14.83,ET,overcast clouds
681,Atasu,48.6814,71.6433,63.95,69,97,5.26,KZ,overcast clouds
682,Zelenoborsk,61.4669,64.0333,62.42,91,100,6.08,RU,overcast clouds
683,Warangal,18.0,79.5833,79.12,82,100,1.3,IN,overcast clouds
684,Sladkovo,55.5284,70.3385,58.08,94,32,7.2,RU,scattered clouds
